order_id,store_id,amount
ORD-2026-900001,1021,79.50
ORD-2026-900002,0288,599.99
ORD-2026-900003,0412,199.00
ORD-2026-900004,0412,399.00
ORD-2026-900005,0412,199.00
ORD-2026-900006,0875,599.99
ORD-2026-900007,0412,649.99
ORD-2026-900008,0288,50.00
ORD-2026-900009,0875,50.00
ORD-2026-900010,0288,599.99
ORD-2026-900011,0412,129.99
ORD-2026-900012,0412,649.99
ORD-2026-BAD001,0412,n/a
ORD-2026-900013,0412,129.99
ORD-2026-900014,0412,199.00
ORD-2026-900015,0875,49.99
ORD-2026-900016,0288,79.50
ORD-2026-900017,0412,49.99
ORD-2026-900018,0875,50.00
ORD-2026-900019,0875,399.00
ORD-2026-900020,0412,199.00
ORD-2026-900021,0412,599.99
ORD-2026-900022,0875,39.99
ORD-2026-900023,0288,399.00
ORD-2026-900024,0288,39.99
